"Organic compounds"	"Alkaloids and derivatives"	"Benzenoids"	"Lignans, neolignans and related compounds"	"Lipids and lipid-like molecules"	"Nucleosides, nucleotides, and analogues"	"Organic 1,3-dipolar compounds"	"Organic acids and derivatives"	"Organic nitrogen compounds"	"Organic oxygen compounds"	"Organohalogen compounds"	"Organoheterocyclic compounds"	"Organosulfur compounds"	"Phenylpropanoids and polyketides"	"Corynanthean-type alkaloids"	"Ergoline and derivatives"	"Lupin alkaloids"	"Anthracenes"	"Benzene and substituted derivatives"	"Naphthalenes"	"Phenol ethers"	"Phenols"	"Furanoid lignans"	"Lignan glycosides"	"Lignan lactones"	"Fatty Acyls"	"Glycerophospholipids"	"Prenol lipids"	"Saccharolipids"	"Steroids and steroid derivatives"	"5-5-dinucleotides"	"5-deoxyribonucleosides"	"Purine nucleosides"	"Purine nucleotides"	"Pyrimidine nucleosides"	"Pyrimidine nucleotides"	"Allyl-type 1,3-dipolar organic compounds"	"Carboxylic acids and derivatives"	"Hydroxy acids and derivatives"	"Keto acids and derivatives"	"Organic phosphonic acids and derivatives"	"Organic phosphoric acids and derivatives"	"Organic sulfonic acids and derivatives"	"Organic sulfuric acids and derivatives"	"Peptidomimetics"	"Organonitrogen compounds"	"Organooxygen compounds"	"Aryl halides"	"Azaphilones"	"Azoles"	"Benzimidazoles"	"Benzodiazepines"	"Benzodioxoles"	"Benzopyrans"	"Benzothiazines"	"Benzothiophenes"	"Biotin and derivatives"	"Diazanaphthalenes"	"Diazinanes"	"Diazines"	"Dioxepanes"	"Dithiolanes"	"Imidazopyrimidines"	"Indoles and derivatives"	"Isoindoles and derivatives"	"Isoquinolines and derivatives"	"Naphthopyrans"	"Oxanes"	"Oxepanes"	"Pteridines and derivatives"	"Pyridines and derivatives"	"Pyrroles"	"Quinolines and derivatives"	"Tetrahydroisoquinolines"	"Tetrapyrroles and derivatives"	"Thienopyrimidines"	"Thioethers"	"2-arylbenzofuran flavonoids"	"Anthracyclines"	"Cinnamic acids and derivatives"	"Coumarins and derivatives"	"Depsides and depsidones"	"Diarylheptanoids"	"Flavonoids"	"Isoflavonoids"	"Linear 1,3-diarylpropanoids"	"Macrolactams"	"Tannins"	"Tetracyclines"
"neg_DANCE_RDvsIR_2021_EM_Cenmel_Int1_GD5_1_12060"	973	7	124	23	100	21	3	376	9	119	1	98	0	92	6	1	0	2	78	13	15	10	2	11	0	16	4	60	2	14	2	3	5	10	0	1	3	363	3	1	1	2	2	3	1	9	119	1	3	3	4	1	1	6	5	1	2	1	4	7	0	0	11	14	2	2	8	0	6	2	4	3	4	1	0	3	0	3	0	15	3	0	3	59	5	2	1	1	0
"neg_DANCE_RDvsIR_2021_EM_Cenmel_Int2_GA4_1_12029"	989	6	131	21	105	20	3	376	13	113	1	102	1	97	4	1	1	2	85	11	14	13	4	9	1	17	3	67	1	13	2	3	5	9	0	1	3	364	3	1	1	2	2	2	1	13	113	1	2	4	4	0	0	7	5	1	4	1	4	7	0	0	14	15	2	2	9	0	5	1	3	2	4	1	0	5	1	3	0	17	5	0	5	59	5	2	1	0	0
"neg_DANCE_RDvsIR_2021_EM_Cenmel_Int3_BB5_1_11989"	954	6	131	28	98	22	3	360	10	108	1	95	0	92	5	1	0	3	85	13	14	12	4	13	0	20	3	57	2	13	4	2	6	8	0	2	3	344	2	1	0	2	4	4	3	10	108	1	3	4	4	0	1	6	4	1	3	1	4	6	0	0	11	15	2	2	8	0	6	1	3	0	5	1	0	4	0	2	1	13	5	0	3	61	4	2	1	0	0
"neg_DANCE_RDvsIR_2021_EM_Cenmel_Rd1_RB4_1_11936"	883	7	120	21	94	20	2	339	12	95	0	95	0	78	5	1	1	3	76	11	14	10	3	9	1	15	3	57	0	15	3	3	4	8	0	2	2	326	3	1	0	2	3	3	1	12	95	0	2	3	4	1	1	3	5	0	4	1	5	7	0	0	13	11	3	1	8	1	8	1	4	2	3	1	0	3	0	3	1	13	3	0	4	45	5	2	1	0	1
"neg_DANCE_RDvsIR_2021_EM_Censet_Int1_RC3_1_11943"	499	2	82	11	39	13	1	177	5	75	1	39	1	53	1	0	1	1	57	6	6	9	0	8	0	7	2	28	0	1	1	0	7	5	0	0	1	170	1	1	0	2	3	0	0	5	75	1	1	1	0	0	2	2	0	1	1	0	1	6	0	0	7	9	1	1	1	0	0	1	0	1	1	1	0	1	1	0	0	3	0	0	0	47	3	0	0	0	0
"neg_DANCE_RDvsIR_2021_EM_Censet_Int2_RC6_1_11949"	519	2	73	13	45	12	1	194	7	77	2	39	1	53	1	0	1	1	51	7	4	7	1	7	0	9	2	32	0	1	1	0	6	5	0	0	1	186	1	1	1	2	3	0	0	7	77	2	1	1	0	0	3	3	1	1	1	0	2	6	0	0	4	8	1	1	2	0	0	1	0	0	1	1	0	1	1	0	0	4	0	0	0	47	2	0	0	0	0
"neg_DANCE_RDvsIR_2021_EM_Censet_Int3_GE2_1_12068"	561	2	77	13	46	12	3	208	5	82	2	40	1	70	1	0	1	1	58	6	3	8	1	8	1	8	2	31	1	2	1	0	7	4	0	0	3	201	1	1	0	2	3	0	0	5	82	2	1	1	0	0	3	3	1	1	2	0	2	5	0	0	4	6	1	0	3	0	0	2	1	1	1	1	0	1	1	1	0	6	0	0	2	56	3	0	0	0	2
"neg_DANCE_RDvsIR_2021_EM_Censet_Rd1_GA8_1_12033"	476	2	70	11	36	11	1	193	4	62	2	36	1	47	1	0	1	1	52	7	2	6	0	7	0	10	1	25	0	0	1	0	6	4	0	0	1	186	1	1	0	2	3	0	0	4	62	2	1	1	0	0	2	4	1	1	1	0	2	5	0	0	4	5	1	1	1	0	0	2	0	1	0	1	0	2	1	0	0	4	0	0	1	40	2	0	0	0	0
"neg_DANCE_RDvsIR_2021_EM_Esccal_Int1_RB2_1_11931"	506	3	82	14	44	11	2	181	5	59	1	51	0	53	3	0	0	0	59	6	3	11	2	4	1	16	2	23	1	2	2	2	3	3	0	1	2	172	2	1	1	2	1	2	0	5	59	1	2	4	2	0	4	8	0	1	1	0	1	3	0	3	9	7	1	0	1	0	0	1	0	0	0	1	0	2	0	0	0	6	1	0	1	42	2	0	0	0	1
"neg_DANCE_RDvsIR_2021_EM_Esccal_Int2_RD4_1_11955"	533	2	91	15	36	10	4	191	5	62	1	55	1	60	2	0	0	1	71	6	3	7	1	4	1	12	1	19	1	2	2	1	2	5	0	0	4	185	1	1	1	1	1	1	0	5	62	1	0	3	1	0	3	7	0	0	1	0	1	4	0	3	6	13	2	0	3	0	0	1	3	1	2	0	0	1	1	2	0	4	3	0	1	46	2	0	0	0	2
"neg_DANCE_RDvsIR_2021_EM_Esccal_Int3_RC4_1_11944"	493	1	88	13	36	10	3	165	5	57	1	55	1	58	1	0	0	1	67	3	2	10	1	5	1	12	1	19	0	1	3	1	2	4	0	0	3	158	2	1	0	1	1	2	0	5	57	1	0	1	1	0	2	7	0	0	0	0	1	5	1	3	8	11	4	1	3	0	0	2	2	1	1	0	0	1	1	1	0	4	0	0	1	50	1	0	0	0	1
"neg_DANCE_RDvsIR_2021_EM_Esccal_Int4_BC2_1_11994"	565	2	84	15	41	13	3	212	6	59	1	62	2	65	2	0	0	1	66	3	2	8	1	5	1	10	3	23	0	3	3	2	3	4	0	1	3	203	2	1	1	1	2	2	0	6	59	1	1	5	1	0	3	7	0	1	2	0	2	4	1	3	9	10	2	1	3	0	0	1	2	1	1	0	0	2	2	1	0	7	1	0	1	52	1	0	0	0	2
"neg_DANCE_RDvsIR_2021_EM_Esccal_Int5_RA7_1_11928"	483	2	65	16	39	10	2	179	6	56	1	54	1	52	2	0	0	1	52	2	2	5	2	5	1	13	1	19	1	2	3	1	3	3	0	0	2	175	1	1	0	0	1	1	0	6	56	1	1	1	1	0	4	6	0	1	0	0	1	3	0	3	9	9	3	1	3	1	0	2	1	1	1	0	0	2	1	1	0	3	2	0	1	41	2	1	0	0	1
"neg_DANCE_RDvsIR_2021_EM_Esccal_Int6_GB1_1_12034"	580	4	86	13	47	11	3	210	3	72	1	59	1	70	4	0	0	1	62	6	4	9	1	5	0	15	2	26	0	3	2	1	2	5	0	1	3	204	2	1	0	1	1	1	0	3	72	1	1	4	2	0	2	6	0	1	2	0	1	5	0	3	10	11	1	0	2	0	0	1	4	0	1	0	0	2	1	1	0	8	2	0	1	54	2	1	0	0	1
"neg_DANCE_RDvsIR_2021_EM_Esccal_Rd1_GA5_1_12030"	609	3	93	15	49	9	3	220	6	72	1	71	1	66	3	0	0	1	68	7	5	8	2	6	1	18	3	22	1	3	2	1	1	4	0	1	3	212	2	0	0	1	3	2	0	6	72	1	1	5	1	0	4	8	0	1	1	0	3	5	0	3	12	11	2	1	2	0	0	2	3	2	1	1	0	2	1	0	0	4	2	0	1	54	2	1	0	0	2
"neg_DANCE_RDvsIR_2021_EM_Esccal_Rd2_BD6_1_12009"	560	3	83	13	42	12	4	211	5	68	1	54	2	62	3	0	0	2	60	5	5	7	1	3	1	13	2	23	0	2	3	2	4	2	0	1	4	203	2	1	1	1	2	1	0	5	68	1	1	6	1	0	3	6	0	1	2	0	2	3	1	2	5	11	2	0	3	0	0	1	3	0	0	0	0	1	2	2	0	5	0	0	1	50	2	1	0	0	1
"neg_DANCE_RDvsIR_2021_EM_Esccal_Rd3_GA3_1_12028"	617	4	93	18	47	12	2	229	4	75	1	64	1	67	4	0	0	1	68	5	4	11	1	6	1	17	3	22	1	2	2	1	4	3	0	2	2	221	2	1	1	1	1	1	1	4	75	1	1	4	1	0	4	10	0	1	2	0	1	5	0	3	9	11	3	1	2	0	0	1	3	0	1	0	0	1	1	1	0	7	3	0	1	51	2	1	0	0	1
"neg_DANCE_RDvsIR_2021_EM_Esccal_Rd4_RB6_1_11938"	586	4	83	14	46	8	3	210	7	74	1	69	1	66	4	0	0	0	60	5	4	10	2	5	0	14	3	24	0	3	2	0	2	3	0	1	3	201	2	1	0	1	3	2	0	7	74	1	2	6	1	0	3	9	0	1	2	0	1	5	1	3	12	11	3	1	2	0	0	2	2	1	0	0	0	1	1	1	0	8	3	0	1	50	2	1	0	0	0
"neg_DANCE_RDvsIR_2021_EM_Esccal_Rd5_BC3_1_11995"	604	2	82	19	51	12	1	224	6	69	1	71	1	65	2	0	0	1	63	5	3	7	2	6	1	21	3	21	1	2	2	2	3	4	0	1	1	217	1	1	1	1	3	0	0	6	69	1	1	7	1	0	5	9	0	1	1	0	1	5	0	3	11	11	2	0	3	1	0	2	2	0	1	2	0	2	1	0	0	8	2	0	1	49	3	1	0	0	1
"neg_DANCE_RDvsIR_2021_EM_Hedrha_Int1_BE1_1_12015"	554	4	77	14	50	12	2	224	3	70	1	49	2	46	3	1	0	1	52	8	3	10	2	3	0	18	2	24	0	2	2	1	2	6	0	1	2	213	3	0	1	2	2	2	1	3	70	1	1	3	3	0	2	3	0	1	1	0	2	7	0	0	6	8	0	0	2	0	0	2	3	0	2	1	0	2	2	3	0	8	0	0	1	32	2	0	0	0	0
"neg_DANCE_RDvsIR_2021_EM_Hedrha_Int2_BE5_1_12019"	456	1	80	12	45	8	1	160	4	66	0	43	0	36	1	0	0	1	59	6	4	6	2	4	0	14	1	24	0	3	2	0	2	4	0	0	1	150	1	1	1	2	1	3	1	4	66	0	1	1	4	0	3	2	0	1	3	0	2	4	0	0	4	8	0	0	4	1	0	2	1	1	0	0	0	1	0	1	0	8	0	1	1	24	1	0	0	0	0
"neg_DANCE_RDvsIR_2021_EM_Hedrha_Rd2_BB2_1_11983"	670	3	91	17	45	14	1	250	10	98	1	61	1	78	3	0	0	2	55	10	10	8	1	8	0	13	1	25	0	4	5	2	3	4	0	0	1	236	3	1	0	2	4	3	1	10	98	1	2	3	1	0	2	6	0	1	3	0	3	7	1	0	5	9	1	1	4	1	0	2	3	1	1	0	0	4	1	2	1	10	2	3	1	57	2	0	0	0	0
"neg_DANCE_RDvsIR_2021_EM_Hedrha_Rd3_RD3_1_11954"	563	2	87	14	44	13	1	201	6	87	1	53	3	51	2	0	0	1	62	7	7	6	1	6	0	16	2	21	0	3	3	2	3	5	0	0	1	191	3	1	1	1	2	1	1	6	87	1	1	2	2	0	1	5	0	1	4	0	2	6	0	0	7	9	0	1	5	0	0	2	2	1	0	0	0	2	3	2	0	11	2	2	0	32	2	0	0	0	0
"neg_DANCE_RDvsIR_2021_EM_Hedrha_Rd4_GE4_1_12070"	552	2	82	14	48	13	2	199	6	79	0	54	0	53	2	0	0	1	55	10	3	9	1	7	0	16	1	25	0	4	3	0	4	6	0	0	2	194	1	0	1	2	0	0	1	6	79	0	1	2	2	0	3	4	0	1	4	0	3	5	0	0	7	11	1	0	5	1	0	1	1	1	0	0	0	1	0	0	1	9	1	2	1	37	1	0	1	0	0
"neg_DANCE_RDvsIR_2021_EM_Hedrha_Rd5_GC2_1_12046"	503	1	77	14	51	13	1	179	3	70	0	46	1	47	1	0	0	1	57	5	1	8	2	7	0	16	1	27	0	4	4	0	4	5	0	0	1	171	2	1	1	3	0	0	1	3	70	0	1	2	1	0	1	3	1	1	3	0	4	6	1	0	5	8	1	0	3	1	0	1	1	1	0	0	0	1	1	2	0	10	1	2	0	30	1	0	0	0	1
"neg_DANCE_RDvsIR_2021_EM_Hyphir_Int1_BA7_1_11980"	675	1	98	9	49	22	2	256	9	74	3	56	2	94	1	0	0	3	67	6	7	12	2	3	1	12	1	31	0	3	5	2	6	7	0	2	2	238	0	8	1	2	6	1	0	9	74	3	1	3	0	1	1	7	0	1	2	1	2	5	0	0	6	10	2	1	3	0	0	2	1	1	1	1	0	4	2	3	0	12	2	0	1	72	4	0	0	0	0
"neg_DANCE_RDvsIR_2021_EM_Hyphir_Int2_GE5_1_12071"	690	2	108	14	52	20	2	241	10	88	3	59	2	89	2	0	0	3	81	7	4	10	2	5	1	12	2	36	0	1	4	1	7	5	1	2	2	229	1	6	0	0	3	1	1	10	88	3	1	2	0	0	2	6	0	1	2	1	2	8	0	0	6	11	2	1	3	0	0	3	1	0	1	1	0	5	2	1	0	7	1	0	0	75	4	0	0	1	0
"neg_DANCE_RDvsIR_2021_EM_Hyphir_Rd2_RE5_1_11967"	557	1	86	9	31	17	1	215	6	63	2	50	1	75	1	0	0	2	64	6	2	9	1	5	1	8	0	20	0	1	3	1	6	5	0	2	1	201	1	6	1	1	3	2	0	6	63	2	1	1	0	1	2	10	0	1	1	1	1	4	0	0	7	7	1	1	2	0	0	1	1	1	1	1	0	4	1	2	0	15	0	0	1	54	3	0	0	0	0
"neg_DANCE_RDvsIR_2021_EM_Hyphir_Rd3_RE7_1_11969"	694	1	100	11	54	21	2	253	8	74	4	66	2	98	1	0	0	3	68	9	4	13	1	5	1	11	0	37	1	2	6	1	8	4	1	1	2	238	2	6	0	1	5	1	0	8	74	4	1	2	0	1	4	8	1	1	5	1	1	6	0	0	10	7	2	1	5	0	0	3	0	1	1	1	0	4	2	3	0	10	2	0	1	77	4	0	0	1	0
"neg_DANCE_RDvsIR_2021_EM_Klener_Int1_BB3_1_11987"	442	3	64	5	48	7	1	183	6	48	1	40	4	32	3	0	0	0	45	4	3	9	1	2	0	16	3	23	0	3	1	1	3	2	0	0	1	172	3	0	1	1	2	4	0	6	48	1	2	1	1	0	2	5	0	1	0	0	1	6	0	0	2	8	3	1	2	0	0	2	1	1	0	0	0	1	4	1	0	6	1	0	0	23	0	1	0	0	0
"neg_DANCE_RDvsIR_2021_EM_Klener_Int2_BB1_1_11982"	553	3	84	7	49	8	1	220	11	67	1	50	3	49	3	0	0	2	56	7	5	11	1	4	0	18	3	23	0	2	2	1	2	3	0	0	1	207	1	1	1	1	3	5	1	11	67	1	1	3	1	0	2	4	0	1	0	0	4	6	0	0	4	12	2	0	2	0	0	1	1	1	2	0	0	3	3	2	0	8	2	0	1	34	1	1	0	0	0
"neg_DANCE_RDvsIR_2021_EM_Klener_Rd1_GC4_1_12048"	557	2	83	5	56	6	2	230	8	55	1	53	3	53	2	0	0	0	54	8	6	11	1	2	0	18	4	26	0	3	1	1	1	3	0	0	2	216	4	0	1	2	3	3	1	8	55	1	3	2	0	0	2	5	0	1	0	0	1	7	0	0	5	12	1	1	5	1	0	2	1	1	1	0	0	2	3	3	0	10	1	0	1	35	1	2	0	0	0
"neg_DANCE_RDvsIR_2021_EM_Klener_Rd2_RE4_1_11966"	563	2	79	7	54	5	2	232	8	62	1	51	2	58	2	0	0	2	51	8	2	14	1	4	0	17	3	26	0	4	1	1	2	1	0	0	2	216	3	2	1	2	4	4	0	8	62	1	3	2	1	0	2	2	0	1	1	0	1	8	0	0	5	11	2	1	3	0	0	2	1	1	1	0	0	3	2	3	0	8	1	0	1	42	1	2	0	0	0
"neg_DANCE_RDvsIR_2021_EM_Klener_Rd3_BC4_1_11996"	532	3	81	9	40	11	0	213	9	67	1	46	3	49	3	0	0	0	52	8	6	11	1	3	0	15	1	18	0	2	2	2	3	4	0	0	0	200	2	2	1	1	3	4	0	9	67	1	0	2	1	0	2	3	0	0	2	0	3	7	0	1	4	8	1	0	5	0	0	1	1	1	1	0	0	3	3	2	0	10	1	0	1	30	2	2	0	0	1
"neg_DANCE_RDvsIR_2021_EM_Klener_Rd4_BD7_1_12013"	197	2	38	4	17	5	1	78	2	19	0	20	1	10	2	0	0	1	26	2	2	5	1	2	0	13	0	2	0	1	1	2	0	1	0	1	1	68	1	3	0	1	2	3	0	2	19	0	0	1	0	0	1	2	0	1	1	0	0	2	0	0	3	5	0	0	0	0	0	0	1	1	0	0	0	2	1	0	0	3	0	0	1	5	1	0	0	0	0
"neg_DANCE_RDvsIR_2021_PG_Cenmel_Int1_GD2_1_12057"	1029	6	135	21	108	20	3	397	12	126	1	97	2	101	5	1	0	3	92	10	14	11	4	8	1	21	4	63	1	15	3	3	3	10	0	1	3	381	2	0	1	2	4	5	2	12	126	1	3	5	2	1	1	4	5	1	4	1	3	9	0	0	11	16	3	1	6	1	5	3	4	1	2	1	1	3	2	3	0	19	3	0	4	63	5	2	1	0	1
"neg_DANCE_RDvsIR_2021_PG_Cenmel_Int2_RD6_1_11957"	896	6	128	20	92	19	2	351	11	100	1	84	1	81	5	1	0	2	84	11	14	11	3	11	0	14	4	62	2	8	2	3	2	11	0	1	2	339	2	1	1	1	4	3	0	11	100	1	3	2	3	0	0	4	4	1	3	1	5	7	0	0	9	16	2	1	7	0	3	1	4	2	2	1	1	2	1	1	0	12	5	0	2	54	3	2	1	0	1
"neg_DANCE_RDvsIR_2021_PG_Cenmel_Rd1_GE1_1_12067"	911	5	124	16	93	19	2	361	12	100	1	88	1	89	4	1	0	2	82	11	11	12	2	9	0	19	3	55	0	13	2	2	5	9	0	1	2	347	2	1	1	0	4	3	3	12	100	1	3	3	3	0	0	3	5	0	4	1	4	4	0	0	12	13	3	1	7	1	7	2	3	3	3	1	0	2	1	2	1	14	3	0	3	57	5	2	1	0	1
"neg_DANCE_RDvsIR_2021_PG_Cenmel_Rd2_RD2_1_11953"	1042	8	134	22	108	19	3	406	11	123	1	106	2	99	6	1	1	3	85	12	17	12	2	11	1	16	6	66	1	13	2	3	5	8	0	1	3	390	3	1	0	2	4	3	3	11	123	1	3	5	3	0	0	6	5	1	5	1	3	9	0	0	13	16	3	1	7	0	7	2	4	2	5	2	0	3	2	3	0	15	3	0	5	65	5	2	1	0	0
"neg_DANCE_RDvsIR_2021_PG_Cenmel_Rd3_GC3_1_12047"	1072	6	129	24	115	17	2	431	13	123	1	100	2	109	5	1	0	2	82	14	17	8	3	11	1	18	6	67	2	16	3	3	2	8	0	1	2	415	4	0	1	2	3	4	2	13	123	1	3	2	2	0	1	3	5	1	4	1	4	9	0	0	12	16	4	1	8	1	6	2	3	2	4	1	1	4	2	3	1	17	5	0	4	71	5	2	1	0	0
"neg_DANCE_RDvsIR_2021_PG_Cenmel_Rd4_BD1_1_12004"	959	6	130	20	99	14	1	370	12	111	1	100	1	94	4	1	1	2	83	12	14	12	2	12	0	14	3	66	1	10	3	2	2	6	0	1	1	354	3	1	1	2	5	3	1	12	111	1	3	4	4	1	0	5	5	0	4	1	3	5	0	1	15	15	3	1	7	1	6	2	4	2	3	2	0	3	1	3	0	15	4	0	2	61	4	2	1	0	2
"neg_DANCE_RDvsIR_2021_PG_Cenmel_Rd5_BD8_1_12014"	1021	7	122	23	108	19	3	399	13	125	1	102	2	97	5	1	1	1	80	13	11	12	3	9	1	19	3	70	0	13	3	2	2	10	0	2	3	378	3	1	1	2	6	5	3	13	125	1	3	3	5	0	1	6	5	1	4	1	2	7	0	0	14	14	2	1	7	1	6	2	4	3	5	1	1	3	2	3	0	15	2	0	3	64	5	2	1	1	1
"neg_DANCE_RDvsIR_2021_PG_Cenmel_Rd6_GB8_1_12044"	955	5	131	17	104	19	2	367	11	105	2	100	1	91	4	1	0	1	88	13	12	11	2	9	0	15	4	68	1	12	2	3	6	7	0	1	2	352	2	1	1	2	3	3	3	11	105	2	3	4	4	0	0	6	4	1	4	1	3	7	1	0	12	17	2	0	8	0	7	2	4	3	4	1	0	2	1	3	1	17	3	0	3	56	4	2	1	1	0
"neg_DANCE_RDvsIR_2021_PG_Censet_Int1_GA2_1_12027"	567	2	81	13	47	14	1	207	5	81	3	45	1	67	1	0	1	3	59	7	4	6	0	5	0	10	1	32	0	2	0	0	7	6	0	1	1	200	1	1	1	1	3	0	0	5	81	3	1	1	1	0	2	2	1	1	1	0	3	8	0	0	5	8	1	0	3	0	0	1	1	1	1	1	0	2	1	0	0	4	0	0	1	58	3	0	0	0	1
"neg_DANCE_RDvsIR_2021_PG_Censet_Int2_GA6_1_12031"	482	2	72	11	39	15	2	182	5	69	2	35	0	48	2	0	0	2	53	6	4	6	0	5	0	9	1	27	0	1	1	1	7	5	0	1	2	176	1	1	0	1	3	0	0	5	69	2	0	1	0	0	2	2	1	0	1	0	2	5	0	0	4	7	1	1	2	0	0	1	1	1	1	1	0	1	0	0	0	4	0	0	1	41	2	0	0	0	0
"neg_DANCE_RDvsIR_2021_PG_Censet_Int3_RA1_1_11922"	483	2	71	9	37	12	1	182	5	66	2	38	1	57	1	0	1	1	51	9	3	6	0	5	0	8	1	26	0	1	1	0	7	4	0	0	1	177	1	1	1	0	2	0	0	5	66	2	1	1	1	0	1	3	1	1	0	0	2	6	0	0	6	4	1	1	2	0	0	2	1	1	1	1	0	1	1	0	0	5	0	0	0	49	3	0	0	0	0
"neg_DANCE_RDvsIR_2021_PG_Censet_Int4_GB2_1_12035"	478	2	71	6	43	11	1	188	3	65	3	35	1	49	1	0	1	1	52	7	3	6	0	3	0	10	2	28	1	1	1	0	6	4	0	0	1	181	1	1	0	1	2	2	0	3	65	3	1	1	0	0	3	4	1	1	1	0	1	4	0	0	4	7	1	0	1	0	0	1	1	1	0	1	0	1	1	0	0	5	0	0	0	42	2	0	0	0	0
"neg_DANCE_RDvsIR_2021_PG_Censet_Rd1_BA3_1_11976"	552	2	82	15	48	13	1	202	5	81	3	41	2	57	1	0	1	0	61	6	5	8	0	8	0	10	1	32	1	1	1	1	5	5	0	1	1	194	1	1	1	2	3	0	0	5	81	3	1	1	0	0	1	2	0	1	1	0	2	7	0	0	5	9	1	0	1	0	0	3	1	1	1	1	0	2	2	0	0	4	0	0	0	50	3	0	0	0	0
"neg_DANCE_RDvsIR_2021_PG_Censet_Rd2_RA2_1_11923"	508	2	69	14	43	10	2	196	4	75	2	38	1	52	1	0	1	2	50	6	4	6	0	7	1	12	2	26	0	2	0	0	5	4	0	1	2	189	1	1	1	1	3	0	0	4	75	2	1	1	0	0	3	3	0	1	0	0	1	6	0	0	4	9	1	1	3	0	0	1	0	0	1	1	0	1	1	0	0	4	0	0	0	46	2	0	0	0	0
"neg_DANCE_RDvsIR_2021_PG_Censet_Rd3_BD2_1_12005"	449	2	68	9	36	11	1	174	4	65	3	33	1	42	1	0	1	1	48	7	3	8	0	4	0	11	1	20	1	1	1	1	5	4	0	0	1	167	1	1	1	1	3	0	0	4	65	3	1	1	0	0	1	5	1	0	1	0	2	4	0	0	4	5	1	1	1	0	0	0	1	1	1	1	0	1	1	0	0	2	0	0	0	36	2	0	0	0	2
"neg_DANCE_RDvsIR_2021_PG_Censet_Rd4_GC1_1_12045"	412	1	63	6	34	12	1	158	4	57	2	30	0	44	1	0	0	1	46	4	2	8	0	3	0	6	2	23	0	1	2	1	6	3	0	0	1	152	1	1	0	1	3	0	0	4	57	2	1	0	0	0	2	5	1	1	0	0	1	3	0	0	4	4	1	0	2	0	0	1	1	1	0	1	0	1	0	0	0	2	0	0	1	39	2	0	0	0	0
"neg_DANCE_RDvsIR_2021_PG_Censet_Rd5_BA2_1_11975"	428	1	57	9	39	11	1	160	5	61	3	29	1	51	1	0	0	0	42	5	3	5	0	5	0	7	2	28	0	1	2	1	5	3	0	0	1	153	1	1	0	2	2	1	0	5	61	3	1	1	0	0	2	4	1	0	2	0	2	4	0	0	3	2	1	1	2	0	0	0	1	0	0	1	0	1	1	0	0	4	0	0	0	45	2	0	0	0	0
"neg_DANCE_RDvsIR_2021_PG_Esccal_Int1_RD1_1_11952"	522	4	82	13	36	10	4	183	6	59	1	59	1	64	4	0	0	1	59	5	5	7	1	4	0	14	2	17	0	2	2	1	2	4	0	1	4	175	2	1	0	1	2	2	0	6	59	1	0	5	1	0	2	7	0	1	2	0	2	4	0	3	9	10	4	1	3	0	0	1	1	0	2	0	0	1	1	2	0	7	1	0	1	48	2	1	0	0	2
"neg_DANCE_RDvsIR_2021_PG_Esccal_Int2_GB4_1_12040"	545	2	86	14	45	10	4	197	5	65	1	57	1	58	2	0	0	1	65	5	2	10	1	5	1	14	3	22	1	2	3	1	3	2	0	1	4	187	2	1	1	1	2	3	0	5	65	1	1	3	1	0	4	6	0	1	2	0	2	4	0	3	4	12	2	1	3	0	0	2	2	1	0	0	0	3	1	1	0	6	2	0	1	43	2	1	0	0	2
"neg_DANCE_RDvsIR_2021_PG_Esccal_Int3_GA7_1_12032"	571	4	94	15	43	10	4	206	5	68	1	55	1	65	4	0	0	3	67	4	3	12	1	6	0	15	2	21	1	2	2	1	3	3	0	1	4	200	2	1	0	1	1	1	0	5	68	1	1	3	1	0	4	6	0	1	3	0	2	5	0	2	9	7	2	0	3	0	0	1	2	1	1	0	0	1	1	0	0	5	3	0	1	54	1	0	0	0	1
"neg_DANCE_RDvsIR_2021_PG_Esccal_Int4_RC7_1_11950"	567	5	79	13	43	11	2	204	6	70	1	59	2	72	4	0	1	0	56	5	4	11	1	6	0	14	2	20	1	4	2	0	3	5	0	1	2	194	2	1	0	1	2	3	1	6	70	1	0	6	2	0	2	7	0	0	1	0	2	3	0	3	10	6	3	1	4	0	0	3	1	1	0	0	0	4	2	0	0	8	2	0	1	57	3	0	0	0	1
"neg_DANCE_RDvsIR_2021_PG_Esccal_Int5_RE8_1_11970"	474	2	72	15	40	8	4	169	4	54	1	51	1	53	2	0	0	1	55	3	4	7	1	5	1	16	2	18	0	1	3	2	1	2	0	0	4	159	1	1	1	1	2	4	0	4	54	1	0	2	1	0	5	5	0	1	0	0	0	3	1	3	8	11	2	1	2	0	0	1	2	0	1	0	0	2	1	1	0	5	3	0	1	41	1	1	0	0	0
"neg_DANCE_RDvsIR_2021_PG_Esccal_Rd1_RA6_1_11927"	478	2	75	14	40	9	3	172	4	55	1	46	2	55	2	0	0	0	66	2	2	5	1	4	0	12	0	23	1	2	2	0	3	4	0	0	3	163	2	1	0	2	1	2	1	4	55	1	0	1	0	0	3	8	0	1	1	0	1	3	0	3	5	8	3	1	2	1	0	2	2	0	0	0	0	1	2	0	0	7	0	0	1	46	1	0	0	0	0
"neg_DANCE_RDvsIR_2021_PG_Esccal_Rd2_BC6_1_12001"	570	4	85	14	42	8	3	213	5	64	1	64	2	65	4	0	0	2	64	4	3	8	1	5	0	14	3	20	1	3	3	0	2	3	0	0	3	205	2	1	1	1	1	2	0	5	64	1	0	2	2	0	2	8	0	1	1	0	2	5	0	3	13	10	3	1	1	0	0	2	4	1	1	0	0	2	2	1	0	8	3	0	1	50	0	1	0	0	1
"neg_DANCE_RDvsIR_2021_PG_Esccal_Rd3_GD8_1_12066"	652	5	104	15	50	13	4	237	5	81	1	68	1	68	4	0	1	2	79	4	5	9	1	5	0	17	4	23	1	3	2	1	4	5	0	1	4	227	2	1	0	2	2	3	0	5	81	1	1	5	1	0	2	9	0	1	2	0	3	3	0	3	11	11	3	0	3	0	0	2	2	2	0	2	0	2	1	2	0	10	3	0	1	48	1	1	0	0	2
"neg_DANCE_RDvsIR_2021_PG_Esccal_Rd4_BA1_1_11974"	579	4	89	15	44	11	3	212	4	71	1	60	1	64	3	0	1	0	69	5	3	9	1	5	1	14	4	22	0	3	3	0	3	4	0	1	3	204	2	1	0	1	3	1	0	4	71	1	1	4	1	0	2	6	0	1	1	0	2	4	1	3	9	11	2	0	3	1	0	1	2	1	1	1	0	2	1	2	0	7	3	0	1	46	2	1	0	0	2
"neg_DANCE_RDvsIR_2021_PG_Esccal_Rd5_GC5_1_12052"	580	4	96	15	48	12	3	197	6	64	1	63	1	70	3	0	1	2	72	7	3	8	1	4	0	19	3	23	0	2	3	1	2	4	0	2	3	191	2	1	0	1	1	1	0	6	64	1	1	6	0	0	5	9	0	1	3	0	0	4	1	3	11	10	1	1	1	1	0	1	2	0	1	0	0	1	1	2	0	7	2	0	1	54	2	0	0	0	2
"neg_DANCE_RDvsIR_2021_PG_Esccal_Rd6_RA3_1_11924"	518	4	83	13	41	10	4	179	5	58	1	58	1	61	4	0	0	2	63	3	2	10	1	5	0	16	2	19	1	2	3	1	4	2	0	0	4	174	1	0	0	2	1	1	0	5	58	1	0	5	1	0	3	6	0	1	0	0	1	5	1	3	10	9	3	1	3	0	0	1	3	0	0	0	0	2	1	1	0	6	2	0	1	46	2	1	0	0	2
"neg_DANCE_RDvsIR_2021_PG_Esccal_Rd7_GD3_1_12058"	626	4	88	14	47	13	2	231	6	76	1	65	1	78	3	0	1	1	68	4	3	9	1	6	0	13	4	25	0	3	2	0	3	6	0	2	2	223	2	1	1	0	2	2	0	6	76	1	1	6	1	0	4	9	0	1	2	0	1	5	0	1	10	10	3	0	4	0	0	2	2	0	0	1	0	2	1	0	0	7	3	0	3	63	1	1	0	0	0
"neg_DANCE_RDvsIR_2021_PG_Esccal_Rd8_GB5_1_12041"	548	2	88	13	38	12	3	193	7	67	1	59	1	64	2	0	0	1	67	4	4	9	1	4	1	10	1	21	1	2	3	0	3	5	0	1	3	185	2	1	1	2	1	1	0	7	67	1	0	3	1	0	5	8	0	1	1	0	2	5	1	2	6	10	3	1	5	0	0	1	2	0	0	1	0	1	1	0	0	5	2	0	1	52	2	1	0	0	1
"neg_DANCE_RDvsIR_2021_PG_Hedrha_Int1_BE3_1_12017"	532	1	78	11	49	15	1	191	5	87	0	45	2	47	1	0	0	1	55	7	5	5	0	5	0	14	0	27	0	6	5	1	1	8	0	0	1	184	2	1	1	2	0	1	0	5	87	0	1	3	2	0	1	4	0	0	3	0	1	4	1	0	6	9	0	0	4	0	0	2	2	1	0	0	0	1	2	1	1	10	1	1	0	32	1	0	0	0	0
"neg_DANCE_RDvsIR_2021_PG_Hedrha_Int2_RC5_1_11948"	614	3	90	11	53	13	1	229	7	86	1	57	2	61	3	0	0	0	63	8	6	8	1	5	0	16	1	30	0	3	4	2	3	4	0	0	1	219	2	1	0	2	3	1	1	7	86	1	2	2	1	0	2	2	0	0	5	0	3	8	1	1	8	10	1	0	4	1	0	2	1	1	0	0	0	2	2	1	1	11	1	2	1	42	2	0	0	0	0
"neg_DANCE_RDvsIR_2021_PG_Hedrha_Rd1_BE7_1_12021"	542	2	75	17	48	14	1	201	5	72	1	54	1	51	2	0	0	1	54	6	6	5	1	8	0	15	2	24	0	2	4	0	3	7	0	0	1	192	3	1	0	3	1	1	0	5	72	1	1	3	1	0	2	5	0	1	3	0	4	8	1	0	5	8	0	1	4	1	0	2	1	1	0	0	0	2	1	2	0	9	1	3	0	34	2	0	0	0	0
"neg_DANCE_RDvsIR_2021_PG_Hedrha_Rd2_GC6_1_12053"	748	2	95	17	59	13	1	287	10	113	0	61	2	88	2	0	0	1	67	9	6	8	1	7	0	19	3	30	0	5	4	1	3	5	0	0	1	273	3	1	0	2	4	3	1	10	113	0	1	3	1	0	1	5	0	1	3	0	3	9	1	0	8	10	1	1	2	1	0	2	2	1	1	1	0	3	2	1	1	15	1	3	1	63	3	0	0	0	0
"neg_DANCE_RDvsIR_2021_PG_Hedrha_Rd3_BE2_1_12016"	731	2	98	14	69	12	1	283	6	112	1	53	2	78	2	0	0	2	64	13	7	8	1	3	0	17	3	40	0	6	2	2	3	4	0	1	1	268	4	1	1	1	3	4	1	6	112	1	2	3	1	0	1	7	0	1	0	0	1	5	0	0	5	10	1	1	4	0	0	2	2	1	2	0	0	4	2	3	1	16	1	0	0	56	1	0	0	0	0
"neg_DANCE_RDvsIR_2021_PG_Hedrha_Rd4_BA4_1_11977"	689	1	93	16	59	15	2	263	7	100	1	52	2	78	1	0	0	1	62	7	9	9	1	7	0	17	1	33	0	4	4	1	3	7	0	0	2	246	3	1	1	2	6	3	1	7	100	1	2	2	2	0	1	4	0	1	3	0	1	7	1	0	6	9	1	2	3	1	0	2	1	1	1	0	0	1	2	2	1	12	2	3	1	53	3	1	0	0	0
"neg_DANCE_RDvsIR_2021_PG_Hedrha_Rd5_BE8_1_12022"	705	1	96	20	64	15	2	260	6	105	0	66	2	68	1	0	0	1	63	9	7	9	1	8	0	19	3	33	0	5	4	2	2	7	0	0	2	247	4	1	0	1	3	3	1	6	105	0	1	3	3	0	2	8	0	1	2	0	2	8	1	0	6	11	1	1	6	1	0	2	3	1	1	0	0	2	2	1	1	12	1	3	1	48	1	0	0	0	0
"neg_DANCE_RDvsIR_2021_PG_Hyphir_Int2_BE4_1_12018"	664	1	98	11	50	16	2	242	10	79	3	55	1	96	1	0	0	3	70	6	5	11	0	4	1	10	1	34	0	3	5	0	5	4	1	1	2	228	1	5	0	0	6	1	1	10	79	3	0	4	0	0	1	4	0	1	3	1	1	5	0	0	11	7	3	1	4	0	0	2	0	0	0	1	0	6	1	2	0	15	1	1	2	69	4	0	0	1	1
"neg_DANCE_RDvsIR_2021_PG_Hyphir_Int3_GD4_1_12059"	667	1	96	9	46	18	2	237	7	81	3	62	1	104	1	0	0	3	66	7	5	11	1	4	1	11	1	30	0	2	4	0	6	6	0	2	2	226	0	5	0	1	4	1	0	7	81	3	1	2	0	1	2	9	1	1	3	1	2	4	0	0	7	10	3	0	3	0	0	3	1	0	1	1	0	6	1	3	0	15	3	0	2	75	5	0	0	1	0
"neg_DANCE_RDvsIR_2021_PG_Hyphir_Int4_RC8_1_11951"	611	1	93	8	46	17	1	212	9	73	3	53	2	93	1	0	0	2	67	7	3	12	0	3	1	9	1	32	1	2	3	0	8	5	0	1	1	201	0	5	0	1	4	1	0	9	73	3	1	2	0	1	1	9	1	1	2	1	0	4	0	0	5	8	2	1	3	0	0	3	0	0	1	1	0	6	2	3	0	9	1	0	2	74	3	0	0	1	0
"neg_DANCE_RDvsIR_2021_PG_Hyphir_Int5_BC7_1_12002"	577	2	83	11	39	13	1	207	8	71	3	48	1	90	2	0	0	2	62	5	1	11	0	5	1	9	2	23	0	3	3	0	6	3	1	0	1	192	2	6	0	0	6	1	0	8	71	3	0	1	0	1	1	6	1	1	1	0	0	4	0	0	6	6	2	1	6	0	0	1	1	1	1	1	0	6	1	2	0	13	1	0	1	70	3	0	0	0	0
"neg_DANCE_RDvsIR_2021_PG_Hyphir_Rd1_RA8_1_11929"	560	1	83	10	41	15	1	202	7	68	3	45	1	83	1	0	0	4	57	6	1	13	1	5	0	8	2	28	0	3	5	0	6	3	1	0	1	189	1	5	0	1	5	1	0	7	68	3	1	2	0	0	1	5	0	1	1	1	1	4	0	0	7	8	2	1	2	0	0	1	0	1	1	1	0	4	1	3	0	14	0	0	0	62	4	0	0	0	0
"neg_DANCE_RDvsIR_2021_PG_Hyphir_Rd2_RB7_1_11939"	573	1	82	10	34	12	1	217	8	72	3	46	2	85	1	0	0	3	60	4	4	8	1	4	2	7	0	23	0	3	4	0	6	1	1	0	1	203	1	4	0	1	6	2	0	8	72	3	1	2	0	0	2	5	0	0	3	1	0	3	0	0	5	9	3	1	2	0	0	0	1	0	2	1	0	5	2	4	0	14	1	0	1	62	3	0	0	0	0
"neg_DANCE_RDvsIR_2021_PG_Hyphir_Rd3_RE6_1_11968"	610	2	91	8	47	14	1	219	7	72	3	54	2	90	2	0	0	4	65	6	3	10	1	4	1	9	1	32	0	3	5	0	6	3	0	0	1	206	1	5	0	1	5	1	0	7	72	3	1	3	0	1	1	8	0	1	1	1	1	3	0	0	8	7	2	1	3	0	0	2	2	0	1	1	0	6	2	1	0	13	1	0	1	69	5	0	0	0	0
"neg_DANCE_RDvsIR_2021_PG_Hyphir_Rd4_BE6_1_12020"	666	1	100	12	45	21	2	227	8	82	4	72	2	90	1	0	0	4	69	8	4	11	0	4	1	11	1	30	0	2	4	1	8	5	1	2	2	214	0	6	0	1	5	1	0	8	82	4	1	4	0	1	3	9	0	1	5	0	1	6	0	0	9	9	3	1	7	0	0	4	0	1	1	1	0	5	2	3	0	13	1	0	1	68	4	0	0	0	0
"neg_DANCE_RDvsIR_2021_PG_Hyphir_Rd5_GC7_1_12054"	625	1	90	11	38	18	1	213	8	81	1	59	1	103	1	0	0	3	66	6	2	11	1	4	1	8	2	25	0	2	4	0	7	4	1	2	1	199	1	7	0	0	5	1	0	8	81	1	1	2	0	1	1	8	1	1	1	0	0	4	0	0	9	10	3	0	4	0	0	2	2	1	1	1	0	6	1	3	0	13	2	0	1	81	3	0	0	0	0
"neg_DANCE_RDvsIR_2021_PG_Klener_Int1_RB3_1_11935"	565	2	84	7	56	11	3	219	7	63	1	56	2	54	2	0	0	0	55	8	6	10	1	2	0	20	2	27	0	3	4	1	2	4	0	0	3	207	3	1	1	1	3	2	1	7	63	1	3	3	1	0	3	3	0	1	0	0	2	8	0	0	7	12	2	1	3	0	0	1	1	1	2	0	0	2	2	2	0	11	2	0	0	36	1	2	0	0	0
"neg_DANCE_RDvsIR_2021_PG_Klener_Int2_BC8_1_12003"	502	2	78	7	53	6	1	207	8	52	1	47	1	39	2	0	0	2	52	6	4	9	1	3	0	22	2	24	0	2	2	0	2	2	0	0	1	192	3	3	1	2	3	2	1	8	52	1	2	2	1	0	2	4	0	1	1	0	1	7	0	0	5	10	3	1	1	0	0	1	1	1	1	0	0	2	1	1	0	8	1	0	1	26	1	1	0	0	0
"neg_DANCE_RDvsIR_2021_PG_Klener_Int3_BA8_1_11981"	519	3	86	7	51	9	0	203	7	58	1	52	2	40	3	0	0	3	56	7	4	12	1	3	0	19	1	24	0	4	2	1	2	4	0	0	0	195	2	0	1	0	1	3	1	7	58	1	3	1	0	0	3	6	0	1	1	0	2	6	0	0	4	13	3	1	4	0	0	1	1	1	1	0	0	0	2	1	0	8	1	0	1	27	1	1	0	0	0
"neg_DANCE_RDvsIR_2021_PG_Klener_Int4_BB6_1_11990"	118	0	20	1	13	2	1	54	0	13	0	8	1	5	0	0	0	0	13	1	1	4	1	0	0	9	0	2	0	0	0	0	1	1	0	0	1	48	0	2	0	1	0	3	0	0	13	0	0	1	0	0	0	1	0	0	0	0	0	1	0	0	1	3	0	0	0	0	0	0	1	0	0	0	0	0	1	0	0	2	0	0	0	2	1	0	0	0	0
"neg_DANCE_RDvsIR_2021_PG_Klener_Int5_RE1_1_11963"	552	2	88	8	53	11	0	219	8	58	1	54	1	49	2	0	0	2	60	8	4	11	0	3	0	19	2	24	1	3	2	2	2	5	0	0	0	209	2	0	1	2	3	2	0	8	58	1	2	1	2	0	2	3	0	1	2	0	1	8	0	0	5	13	2	1	3	0	0	2	1	1	1	0	0	3	1	3	0	5	1	0	0	37	1	1	0	0	1
"neg_DANCE_RDvsIR_2021_PG_Klener_Rd1_BD4_1_12007"	486	1	80	4	43	5	1	205	7	61	1	39	3	36	1	0	0	0	54	3	7	12	1	2	1	18	1	18	0	3	0	2	1	2	0	0	1	195	1	2	1	1	3	2	0	7	61	1	1	2	0	0	2	2	0	0	0	0	2	5	0	0	2	11	3	0	4	0	0	2	1	0	0	0	0	2	3	1	0	7	1	0	1	24	0	1	0	1	0
"neg_DANCE_RDvsIR_2021_PG_Klener_Rd2_BA6_1_11979"	505	2	77	5	49	12	1	205	6	52	1	49	3	43	2	0	0	0	49	8	4	13	1	2	0	18	3	22	1	2	3	1	4	4	0	0	1	193	2	2	1	2	2	3	0	6	52	1	2	1	0	0	2	4	0	0	2	0	1	7	0	0	3	14	3	1	4	0	0	1	1	1	1	0	0	1	3	2	0	9	1	0	0	31	0	0	0	0	0
"neg_DANCE_RDvsIR_2021_PG_Klener_Rd3_BB4_1_11988"	559	3	83	7	50	13	1	229	11	58	1	56	2	45	3	0	0	2	55	8	5	10	1	2	0	17	2	23	0	3	2	2	3	6	0	0	1	217	2	1	1	2	3	3	0	11	58	1	3	1	1	0	2	6	0	1	2	0	2	9	0	0	5	11	2	1	2	0	0	2	1	1	1	0	0	3	2	1	1	7	1	0	0	33	0	2	0	0	0
"neg_DANCE_RDvsIR_2021_PG_Klener_Rd4_GD6_1_12061"	531	3	78	5	53	8	1	210	10	62	1	53	2	45	3	0	0	0	52	6	4	11	1	2	0	18	1	25	1	4	2	1	2	3	0	0	1	200	3	0	1	2	1	3	0	10	62	1	2	2	1	0	1	5	0	1	2	0	1	7	0	0	4	13	3	1	3	0	0	2	1	1	0	0	0	3	2	2	0	8	1	0	1	30	1	2	0	0	0
"neg_DANCE_RDvsIR_2021_PG_Klener_Rd5_RD8_1_11962"	499	3	77	4	44	9	0	204	8	54	1	52	1	42	3	0	0	1	50	7	6	10	0	2	0	15	2	21	0	3	1	1	3	4	0	0	0	192	2	1	1	1	2	4	1	8	54	1	3	2	1	0	1	6	0	1	1	0	1	7	0	0	5	12	2	1	3	0	0	1	1	1	1	0	0	2	1	1	0	8	1	0	1	27	1	2	0	0	1
"neg_DANCE_RDvsIR_2021_SJ_Cenmel_Int1_GD7_1_12065"	1015	8	127	23	104	21	2	400	10	117	1	104	1	97	6	1	1	3	82	11	13	12	2	11	0	18	4	62	1	15	3	2	6	9	0	1	2	385	1	1	0	2	4	4	3	10	117	1	3	4	4	1	2	6	5	1	6	1	1	9	0	0	11	14	2	1	9	1	8	1	4	2	2	1	1	4	1	3	0	17	2	0	2	64	5	2	1	0	1
"neg_DANCE_RDvsIR_2021_SJ_Cenmel_Rd1_GB3_1_12039"	958	3	126	21	102	22	2	358	11	113	1	98	1	100	2	1	0	3	80	12	14	12	1	9	1	17	3	61	2	15	4	3	4	10	0	1	2	347	0	1	0	2	4	2	2	11	113	1	3	4	3	0	1	5	5	1	4	1	4	8	0	0	12	16	1	1	8	0	6	1	4	1	4	1	0	4	1	3	0	15	4	0	5	64	4	2	1	0	2
"neg_DANCE_RDvsIR_2021_SJ_Cenmel_Rd3_RB5_1_11937"	934	5	123	18	94	14	3	371	9	107	1	93	1	95	3	1	1	3	79	12	13	10	3	7	1	13	3	58	1	14	3	2	4	4	0	1	3	357	3	1	0	2	4	2	2	9	107	1	3	2	4	0	1	4	5	1	6	1	3	9	0	0	10	15	1	1	7	1	8	2	4	2	1	0	0	2	1	3	1	14	4	0	4	59	5	2	1	0	2
"neg_DANCE_RDvsIR_2021_SJ_Cenmel_Rd4_RA4_1_11925"	912	4	128	19	90	15	2	340	10	105	1	96	1	101	3	1	0	3	82	10	16	11	3	7	1	15	5	49	2	15	3	2	5	4	0	1	2	324	3	1	1	2	3	3	3	10	105	1	2	4	4	1	0	5	5	1	4	1	2	6	0	0	11	17	2	1	9	1	7	2	4	2	3	0	0	2	1	3	0	13	3	0	2	73	3	1	1	0	2
"neg_DANCE_RDvsIR_2021_SJ_Censet_Int1_RE2_1_11964"	525	2	81	14	46	13	3	185	6	73	1	41	2	58	1	0	1	1	62	8	2	5	1	7	0	5	2	36	1	1	1	0	7	5	0	0	3	180	1	0	0	1	3	0	0	6	73	1	1	1	0	0	2	3	1	1	0	0	2	5	0	0	4	9	1	1	2	0	0	2	1	1	1	1	0	2	2	0	0	4	0	0	0	51	3	0	0	0	0
"neg_DANCE_RDvsIR_2021_SJ_Censet_Rd1_GE3_1_12069"	468	2	72	10	39	11	1	186	3	68	2	34	1	39	1	0	1	2	53	8	1	7	1	4	0	7	1	28	1	1	1	0	7	3	0	0	1	179	1	1	1	1	3	0	0	3	68	2	1	1	0	0	2	5	1	0	2	0	2	4	0	0	3	6	1	0	2	0	0	1	1	1	0	0	0	1	1	0	0	3	0	0	2	31	2	0	0	0	1
"neg_DANCE_RDvsIR_2021_SJ_Hedrha_Rd1_RC1_1_11941"	701	2	103	10	58	13	1	255	5	99	1	64	1	89	2	0	0	2	69	7	9	9	1	3	0	17	2	32	0	4	4	2	3	4	0	0	1	244	3	1	1	2	3	0	1	5	99	1	2	3	1	0	1	5	0	1	1	1	2	7	1	0	4	14	1	1	3	1	1	2	3	1	3	0	0	5	1	3	0	12	3	3	1	65	1	0	1	0	0
"neg_DANCE_RDvsIR_2021_SJ_Hedrha_Rd2_RB1_1_11930"	693	1	98	13	55	15	1	267	9	88	1	69	2	74	1	0	0	2	71	5	7	9	1	4	0	16	2	29	0	4	4	2	4	5	0	0	1	255	2	1	1	1	3	3	1	9	88	1	1	3	3	0	4	4	1	0	2	0	3	9	1	0	7	11	1	1	3	1	0	2	3	2	1	1	0	5	2	2	0	14	2	3	1	49	2	0	0	0	1
"neg_DANCE_RDvsIR_2021_SJ_Hedrha_Rd3_BC5_1_12000"	771	2	117	14	65	17	2	284	8	106	1	67	1	87	2	0	0	2	76	9	10	15	1	5	0	18	3	35	0	6	2	2	3	9	0	1	2	267	4	1	1	2	5	3	1	8	106	1	1	3	1	0	2	7	0	1	3	1	1	8	1	0	6	10	3	2	4	1	0	2	2	2	1	1	0	4	1	2	1	14	2	3	1	62	2	0	0	0	0
"neg_DANCE_RDvsIR_2021_SJ_Hedrha_Rd4_RE3_1_11965"	707	2	89	14	61	11	2	275	5	94	0	71	2	81	2	0	0	2	56	8	11	7	1	5	0	16	2	36	0	3	2	1	2	5	0	1	2	260	3	1	1	2	4	3	1	5	94	0	1	3	2	0	2	5	0	1	3	1	1	9	1	0	8	12	3	1	5	0	0	3	2	1	3	0	0	4	2	3	0	14	2	3	0	57	2	0	0	0	0
"neg_DANCE_RDvsIR_2021_SJ_Hyphir_Int1_RD7_1_11961"	602	1	90	11	47	17	1	210	7	76	3	54	2	83	1	0	0	2	71	5	3	7	1	4	1	14	2	27	1	3	2	0	7	7	0	1	1	199	1	5	0	1	3	1	0	7	76	3	1	3	0	1	1	6	1	1	2	1	0	5	0	0	5	8	1	0	6	0	0	1	1	1	1	1	1	6	2	3	0	12	0	1	1	63	3	0	0	0	0
"neg_DANCE_RDvsIR_2021_SJ_Hyphir_Rd1_BD5_1_12008"	651	2	103	12	54	14	1	225	8	85	4	57	2	84	2	0	0	3	78	7	4	9	1	5	1	11	1	36	1	3	2	0	7	4	0	1	1	210	1	7	0	0	5	2	0	8	85	4	1	3	1	1	2	5	0	1	3	1	0	6	0	0	7	8	1	0	4	0	0	3	1	1	1	1	0	6	2	1	0	15	1	0	0	63	3	0	0	1	0
"neg_DANCE_RDvsIR_2021_SJ_Hyphir_Rd2_GD1_1_12056"	675	2	103	15	54	19	2	228	7	82	3	64	2	94	2	0	0	2	74	8	5	9	1	6	1	9	2	38	0	3	2	1	8	6	1	1	2	216	0	7	0	0	4	1	0	7	82	3	1	2	0	1	3	7	1	1	3	1	2	5	0	0	9	9	2	1	6	0	0	2	0	0	1	1	0	6	2	3	0	10	1	0	1	74	4	0	0	1	0
"neg_DANCE_RDvsIR_2021_SJ_Hyphir_Rd3_RC2_1_11942"	653	1	93	8	54	18	1	240	9	75	3	58	2	91	1	0	0	3	64	7	5	12	1	3	1	11	2	38	0	2	3	1	6	6	1	1	1	225	1	7	0	0	5	2	0	9	75	3	1	3	2	1	1	6	0	1	2	1	2	6	0	0	7	8	2	0	2	0	0	3	1	2	1	1	0	5	2	3	0	16	0	0	0	68	4	0	0	0	0
"neg_DANCE_RDvsIR_2021_SJ_Hyphir_Rd4_GB6_1_12042"	675	1	95	15	53	20	2	233	9	89	3	57	2	96	1	0	0	1	70	9	4	8	2	6	1	13	2	32	0	4	4	1	7	5	1	2	2	220	0	7	0	1	4	1	0	9	89	3	1	4	0	1	2	7	1	1	4	1	1	6	0	0	7	8	1	1	4	0	0	1	0	0	1	1	0	4	2	3	0	13	2	0	1	73	3	0	0	1	0
"neg_DANCE_RDvsIR_2021_SJ_Hyphir_Rd5_BC1_1_11993"	651	1	95	11	43	19	1	236	9	81	4	56	1	94	1	0	0	3	66	8	1	13	0	7	1	10	2	26	0	4	3	0	7	7	1	1	1	222	1	8	0	0	4	1	0	9	81	4	2	2	0	1	1	5	1	1	3	1	0	3	0	0	8	9	2	1	6	0	0	2	1	0	1	1	0	5	1	3	0	9	1	0	0	74	5	1	0	1	0
"neg_DANCE_RDvsIR_2021_SJ_Klener_Int1_BA5_1_11978"	501	1	75	6	46	8	1	206	6	56	1	46	4	45	1	0	0	0	52	7	2	12	1	2	0	17	2	21	0	3	2	2	3	1	0	0	1	194	3	1	0	1	4	3	0	6	56	1	2	2	0	0	2	5	0	1	1	0	2	6	0	1	5	10	2	0	3	0	0	1	1	0	0	0	0	2	4	2	0	7	1	0	1	30	1	2	0	0	1
"neg_DANCE_RDvsIR_2021_SJ_Klener_Int2_GC8_1_12055"	578	4	84	4	57	9	2	240	6	64	1	55	3	49	4	0	0	3	56	8	2	10	1	0	0	17	3	29	0	4	2	1	3	3	0	0	2	226	2	1	1	2	4	4	0	6	64	1	2	2	2	0	2	3	0	1	1	0	2	8	0	1	6	11	2	1	3	0	0	2	1	1	1	0	0	3	3	3	0	11	1	0	0	31	1	2	0	0	0
"neg_DANCE_RDvsIR_2021_SJ_Klener_Int3_BD3_1_12006"	590	2	83	6	62	11	1	239	9	69	1	51	3	53	2	0	0	1	55	9	2	12	1	2	0	18	5	32	0	4	3	1	2	4	0	1	1	225	2	1	1	1	4	4	1	9	69	1	2	2	0	0	2	6	0	0	0	0	2	8	0	1	4	10	2	1	2	0	0	2	1	1	2	0	0	3	3	1	0	9	1	0	1	37	1	2	0	0	1
"neg_DANCE_RDvsIR_2021_SJ_Klener_Int4_GB7_1_12043"	603	3	89	8	61	11	0	245	9	58	1	59	2	57	3	0	0	2	52	11	6	14	1	3	0	19	4	31	0	4	4	2	2	3	0	0	0	233	1	1	1	2	1	5	1	9	58	1	1	2	1	0	3	3	0	1	1	0	1	9	0	0	6	14	2	1	8	0	0	2	1	0	1	0	0	2	2	1	0	9	2	0	0	43	1	1	0	0	0
"neg_DANCE_RDvsIR_2021_SJ_Klener_Int5_GA1_1_12026"	672	3	93	9	64	13	1	254	11	82	1	65	1	75	3	0	0	1	58	13	4	12	2	4	0	17	5	35	0	4	3	1	3	6	0	0	1	241	2	1	1	0	4	5	0	11	82	1	3	3	2	0	2	4	0	1	0	0	3	7	0	1	4	13	2	1	8	0	0	1	2	1	2	0	0	5	1	2	1	13	2	0	0	52	2	2	0	0	1
"neg_DANCE_RDvsIR_2021_SJ_Klener_Rd1_RB8_1_11940"	554	3	83	9	48	10	4	223	9	60	1	50	4	50	2	1	0	0	59	8	3	9	2	4	1	18	3	24	0	2	0	2	4	4	0	0	4	208	3	1	1	2	3	4	1	9	60	1	1	3	0	0	3	4	0	1	1	1	3	8	0	0	6	9	2	1	2	0	0	1	0	0	2	0	0	2	4	2	0	9	1	0	1	34	1	2	0	0	0
"neg_DANCE_RDvsIR_2021_SJ_Klener_Rd2_RD5_1_11956"	545	1	79	6	55	8	3	228	9	56	1	51	3	45	1	0	0	2	53	8	3	10	1	2	0	22	2	23	1	4	2	1	3	2	0	0	3	213	2	1	1	2	3	5	1	9	56	1	1	2	1	0	2	4	0	1	1	0	2	8	0	0	5	14	2	1	3	0	0	2	1	0	0	0	0	1	3	2	0	6	1	0	0	35	1	0	0	0	0
"neg_DANCE_RDvsIR_2021_SJ_Klener_Rd3_BB8_1_11992"	584	3	83	7	54	7	2	235	11	68	1	55	2	56	3	0	0	2	53	7	3	13	1	3	0	18	2	27	0	3	1	0	2	4	0	0	2	221	2	1	1	1	3	5	1	11	68	1	1	2	1	0	2	4	0	1	1	0	1	11	0	0	4	11	2	1	5	0	0	2	1	0	1	0	0	4	2	2	0	8	1	0	1	40	1	2	0	0	1
"neg_DANCE_RDvsIR_2021_SJ_Klener_Rd4_BB7_1_11991"	545	2	79	8	51	9	2	226	10	63	1	52	1	41	2	0	0	2	56	6	3	9	1	2	0	17	3	26	0	2	2	1	2	4	0	0	2	214	2	1	1	1	1	5	1	10	63	1	2	2	2	0	2	2	0	1	1	0	2	6	0	1	8	10	2	1	2	0	0	2	1	1	1	0	0	3	1	1	0	8	1	0	0	29	1	1	0	0	0
"neg_DANCE_RDvsIR_2021_SJ_Klener_Rd5_RA5_1_11926"	474	3	76	4	48	10	1	182	7	55	1	40	2	45	3	0	0	0	48	9	3	12	1	1	0	19	4	21	0	2	2	1	2	5	0	0	1	170	2	1	1	1	3	4	0	7	55	1	1	3	0	0	1	3	0	1	1	0	0	3	0	0	5	11	1	0	4	0	0	2	1	0	0	0	0	3	2	1	0	7	2	0	1	32	1	1	0	0	0
